<?xml version="1.0" encoding="UTF-8"?>
<project-shared-configuration>
    <!--
This file contains additional configuration written by modules in the NetBeans IDE.
The configuration is intended to be shared among all the users of project and
therefore it is assumed to be part of version control checkout.
Without this configuration present, some functionality in the IDE may be limited or fail altogether.
-->
    <properties xmlns="http://www.netbeans.org/ns/maven-properties-data/1">
        <!--
Properties that influence various parts of the IDE, especially code formatting and the like. 
You can copy and paste the single properties, into the pom.xml file and the IDE will pick them up.
That way multiple projects can share the same settings (useful for formatting rules for example).
Any value defined here will override the pom.xml file value but is only applicable to the current project.
-->
        <org-netbeans-modules-editor-indent.CodeStyle.usedProfile>project</org-netbeans-modules-editor-indent.CodeStyle.usedProfile>
        <org-netbeans-modules-editor-indent.CodeStyle.project.spaces-per-tab>4</org-netbeans-modules-editor-indent.CodeStyle.project.spaces-per-tab>
        <org-netbeans-modules-editor-indent.CodeStyle.project.tab-size>8</org-netbeans-modules-editor-indent.CodeStyle.project.tab-size>
        <org-netbeans-modules-editor-indent.CodeStyle.project.indent-shift-width>4</org-netbeans-modules-editor-indent.CodeStyle.project.indent-shift-width>
        <org-netbeans-modules-editor-indent.CodeStyle.project.expand-tabs>true</org-netbeans-modules-editor-indent.CodeStyle.project.expand-tabs>
        <org-netbeans-modules-editor-indent.CodeStyle.project.text-limit-width>120</org-netbeans-modules-editor-indent.CodeStyle.project.text-limit-width>
        <org-netbeans-modules-editor-indent.text.x-ruby.CodeStyle.project.spaces-per-tab>2</org-netbeans-modules-editor-indent.text.x-ruby.CodeStyle.project.spaces-per-tab>
        <org-netbeans-modules-editor-indent.text.x-ruby.CodeStyle.project.tab-size>2</org-netbeans-modules-editor-indent.text.x-ruby.CodeStyle.project.tab-size>
        <org-netbeans-modules-editor-indent.text.x-ruby.CodeStyle.project.indent-shift-width>2</org-netbeans-modules-editor-indent.text.x-ruby.CodeStyle.project.indent-shift-width>
        <org-netbeans-modules-editor-indent.text.x-java.CodeStyle.project.spaceWithinCatchParens>true</org-netbeans-modules-editor-indent.text.x-java.CodeStyle.project.spaceWithinCatchParens>
        <org-netbeans-modules-editor-indent.text.x-java.CodeStyle.project.wrapExtendsImplementsKeyword>WRAP_ALWAYS</org-netbeans-modules-editor-indent.text.x-java.CodeStyle.project.wrapExtendsImplementsKeyword>
        <org-netbeans-modules-editor-indent.text.x-java.CodeStyle.project.spaceWithinTypeCastParens>true</org-netbeans-modules-editor-indent.text.x-java.CodeStyle.project.spaceWithinTypeCastParens>
        <org-netbeans-modules-editor-indent.text.x-java.CodeStyle.project.spaceWithinAnnotationParens>true</org-netbeans-modules-editor-indent.text.x-java.CodeStyle.project.spaceWithinAnnotationParens>
        <org-netbeans-modules-editor-indent.text.x-java.CodeStyle.project.alignMultilineAssignment>true</org-netbeans-modules-editor-indent.text.x-java.CodeStyle.project.alignMultilineAssignment>
        <org-netbeans-modules-editor-indent.text.x-java.CodeStyle.project.alignMultilineParenthesized>true</org-netbeans-modules-editor-indent.text.x-java.CodeStyle.project.alignMultilineParenthesized>
        <org-netbeans-modules-editor-indent.text.x-java.CodeStyle.project.spaceWithinMethodDeclParens>true</org-netbeans-modules-editor-indent.text.x-java.CodeStyle.project.spaceWithinMethodDeclParens>
        <org-netbeans-modules-editor-indent.text.x-java.CodeStyle.project.alignMultilineArrayInit>true</org-netbeans-modules-editor-indent.text.x-java.CodeStyle.project.alignMultilineArrayInit>
        <org-netbeans-modules-editor-indent.text.x-java.CodeStyle.project.alignMultilineTernaryOp>true</org-netbeans-modules-editor-indent.text.x-java.CodeStyle.project.alignMultilineTernaryOp>
        <org-netbeans-modules-editor-indent.text.x-java.CodeStyle.project.alignMultilineThrows>true</org-netbeans-modules-editor-indent.text.x-java.CodeStyle.project.alignMultilineThrows>
        <org-netbeans-modules-editor-indent.text.x-java.CodeStyle.project.wrapThrowsKeyword>WRAP_ALWAYS</org-netbeans-modules-editor-indent.text.x-java.CodeStyle.project.wrapThrowsKeyword>
        <org-netbeans-modules-editor-indent.text.x-java.CodeStyle.project.spaceWithinArrayInitBrackets>true</org-netbeans-modules-editor-indent.text.x-java.CodeStyle.project.spaceWithinArrayInitBrackets>
        <org-netbeans-modules-editor-indent.text.x-java.CodeStyle.project.alignMultilineImplements>true</org-netbeans-modules-editor-indent.text.x-java.CodeStyle.project.alignMultilineImplements>
        <org-netbeans-modules-editor-indent.text.x-java.CodeStyle.project.alignMultilineCallArgs>true</org-netbeans-modules-editor-indent.text.x-java.CodeStyle.project.alignMultilineCallArgs>
        <org-netbeans-modules-editor-indent.text.x-java.CodeStyle.project.alignMultilineBinaryOp>true</org-netbeans-modules-editor-indent.text.x-java.CodeStyle.project.alignMultilineBinaryOp>
        <org-netbeans-modules-editor-indent.text.x-java.CodeStyle.project.spaceWithinParens>true</org-netbeans-modules-editor-indent.text.x-java.CodeStyle.project.spaceWithinParens>
        <org-netbeans-modules-editor-indent.text.x-java.CodeStyle.project.spaceWithinWhileParens>true</org-netbeans-modules-editor-indent.text.x-java.CodeStyle.project.spaceWithinWhileParens>
        <org-netbeans-modules-editor-indent.text.x-java.CodeStyle.project.classDeclBracePlacement>NEW_LINE</org-netbeans-modules-editor-indent.text.x-java.CodeStyle.project.classDeclBracePlacement>
        <org-netbeans-modules-editor-indent.text.x-java.CodeStyle.project.alignMultilineAnnotationArgs>true</org-netbeans-modules-editor-indent.text.x-java.CodeStyle.project.alignMultilineAnnotationArgs>
        <org-netbeans-modules-editor-indent.text.x-java.CodeStyle.project.blankLinesAfterMethods>1</org-netbeans-modules-editor-indent.text.x-java.CodeStyle.project.blankLinesAfterMethods>
        <org-netbeans-modules-editor-indent.text.x-java.CodeStyle.project.spaceWithinBraces>true</org-netbeans-modules-editor-indent.text.x-java.CodeStyle.project.spaceWithinBraces>
        <org-netbeans-modules-editor-indent.text.x-java.CodeStyle.project.spaceWithinSwitchParens>true</org-netbeans-modules-editor-indent.text.x-java.CodeStyle.project.spaceWithinSwitchParens>
        <org-netbeans-modules-editor-indent.text.x-java.CodeStyle.project.spaceWithinForParens>true</org-netbeans-modules-editor-indent.text.x-java.CodeStyle.project.spaceWithinForParens>
        <org-netbeans-modules-editor-indent.text.x-java.CodeStyle.project.alignMultilineFor>true</org-netbeans-modules-editor-indent.text.x-java.CodeStyle.project.alignMultilineFor>
        <org-netbeans-modules-editor-indent.text.x-java.CodeStyle.project.spaceWithinMethodCallParens>true</org-netbeans-modules-editor-indent.text.x-java.CodeStyle.project.spaceWithinMethodCallParens>
        <org-netbeans-modules-editor-indent.text.x-java.CodeStyle.project.alignMultilineMethodParams>true</org-netbeans-modules-editor-indent.text.x-java.CodeStyle.project.alignMultilineMethodParams>
        <org-netbeans-modules-editor-indent.text.x-java.CodeStyle.project.spaceWithinSynchronizedParens>true</org-netbeans-modules-editor-indent.text.x-java.CodeStyle.project.spaceWithinSynchronizedParens>
        <org-netbeans-modules-editor-indent.text.x-java.CodeStyle.project.blankLinesAfterClass>1</org-netbeans-modules-editor-indent.text.x-java.CodeStyle.project.blankLinesAfterClass>
        <org-netbeans-modules-editor-indent.text.x-java.CodeStyle.project.spaceWithinIfParens>true</org-netbeans-modules-editor-indent.text.x-java.CodeStyle.project.spaceWithinIfParens>
        <org-netbeans-modules-editor-indent.text.x-java.CodeStyle.project.absoluteLabelIndent>true</org-netbeans-modules-editor-indent.text.x-java.CodeStyle.project.absoluteLabelIndent>
        <org-netbeans-modules-editor-indent.text.x-java.CodeStyle.project.methodDeclBracePlacement>NEW_LINE</org-netbeans-modules-editor-indent.text.x-java.CodeStyle.project.methodDeclBracePlacement>
        <org-netbeans-modules-editor-indent.application.x-httpd-eruby.CodeStyle.project.spaces-per-tab>2</org-netbeans-modules-editor-indent.application.x-httpd-eruby.CodeStyle.project.spaces-per-tab>
        <org-netbeans-modules-editor-indent.application.x-httpd-eruby.CodeStyle.project.indent-shift-width>2</org-netbeans-modules-editor-indent.application.x-httpd-eruby.CodeStyle.project.indent-shift-width>
        <org-netbeans-modules-maven-jaxws.rest_2e_config_2e_type>ide</org-netbeans-modules-maven-jaxws.rest_2e_config_2e_type>
        <org-netbeans-modules-editor-indent.text.x-java.CodeStyle.project.alignJavadocExceptionDescriptions>true</org-netbeans-modules-editor-indent.text.x-java.CodeStyle.project.alignJavadocExceptionDescriptions>
        <org-netbeans-modules-editor-indent.text.x-java.CodeStyle.project.alignJavadocReturnDescription>true</org-netbeans-modules-editor-indent.text.x-java.CodeStyle.project.alignJavadocReturnDescription>
        <org-netbeans-modules-editor-indent.text.x-java.CodeStyle.project.alignJavadocParameterDescriptions>true</org-netbeans-modules-editor-indent.text.x-java.CodeStyle.project.alignJavadocParameterDescriptions>
    </properties>
</project-shared-configuration>
